{
  "name": "Dactyl Manuform (5x6)",
  "vendorId": "0x616B",
  "productId": "0x0230",
  "matrix": {
    "rows": 12,
    "cols": 6
  },
  "layouts": {
    "keymap": [
	      [
    {
      "x": 3
    },
    "0,3",
    {
      "x": 10
    },
    "6,2"
  ],
  [
    {
      "y": -0.87,
      "x": 2
    },
    "0,2",
    {
      "x": 1
    },
    "0,4",
    {
      "x": 8
    },
    "6,1",
    {
      "x": 1
    },
    "6,3"
  ],
  [
    {
      "y": -0.8799999999999999,
      "x": 5
    },
    "0,5",
    {
      "x": 6
    },
    "6,0"
  ],
  [
    {
      "y": -0.87
    },
    "0,0",
    "0,1",
    {
      "x": 14
    },
    "6,4",
    "6,5"
  ],
  [
    {
      "y": -0.3799999999999999,
      "x": 3
    },
    "1,3",
    {
      "x": 10
    },
    "7,2"
  ],
  [
    {
      "y": -0.8700000000000001,
      "x": 2
    },
    "1,2",
    {
      "x": 1
    },
    "1,4",
    {
      "x": 8
    },
    "7,1",
    {
      "x": 1
    },
    "7,3"
  ],
  [
    {
      "y": -0.8799999999999999,
      "x": 5
    },
    "1,5",
    {
      "x": 6
    },
    "7,0"
  ],
  [
    {
      "y": -0.8700000000000001
    },
    "1,0",
    "1,1",
    {
      "x": 14
    },
    "7,4",
    "7,5"
  ],
  [
    {
      "y": -0.3799999999999999,
      "x": 3
    },
    "2,3",
    {
      "x": 10
    },
    "8,2"
  ],
  [
    {
      "y": -0.8700000000000001,
      "x": 2
    },
    "2,2",
    {
      "x": 1
    },
    "2,4",
    {
      "x": 8
    },
    "8,1",
    {
      "x": 1
    },
    "8,3"
  ],
  [
    {
      "y": -0.8799999999999999,
      "x": 5
    },
    "2,5",
    {
      "x": 6
    },
    "8,0"
  ],
  [
    {
      "y": -0.8700000000000001
    },
    "2,0",
    "2,1",
    {
      "x": 14
    },
    "8,4",
    "8,5"
  ],
  [
    {
      "y": -0.3799999999999999,
      "x": 3
    },
    "3,3",
    {
      "x": 10
    },
    "9,2"
  ],
  [
    {
      "y": -0.8700000000000001,
      "x": 2
    },
    "3,2",
    {
      "x": 1
    },
    "3,4",
    {
      "x": 8
    },
    "9,1",
    {
      "x": 1
    },
    "9,3"
  ],
  [
    {
      "y": -0.8799999999999999,
      "x": 5
    },
    "3,5",
    {
      "x": 6
    },
    "9,0"
  ],
  [
    {
      "y": -0.8700000000000001
    },
    "3,0",
    "3,1",
    {
      "x": 14
    },
    "9,4",
    "9,5"
  ],
  [
    {
      "y": -0.3799999999999999,
      "x": 3
    },
    "4,3",
    {
      "x": 10
    },
    "10,2"
  ],
  [
    {
      "y": -0.8700000000000001,
      "x": 2
    },
    "4,2",
    {
      "x": 12
    },
    "10,3"
  ],
  [
    {
      "r": 30,
      "rx": 5,
      "ry": 4.5,
      "y": -0.5,
      "x": 0.5
    },
    "4,5"
  ],
  [
    {
      "y": -0.5,
      "x": -0.5
    },
    "4,4"
  ],
  [
    {
      "r": 45,
      "y": -2,
      "x": 1.75
    },
    "5,5",
    "5,3"
  ],
  [
    {
      "x": 1.75
    },
    "5,4",
    "5,2"
  ],
  [
    {
      "r": -45,
      "rx": 11.5,
      "x": -2.75
    },
    "11,2",
    "11,0"
  ],
  [
    {
      "x": -2.75
    },
    "11,3",
    "11,1"
  ],
  [
    {
      "r": -30,
      "y": -1.25,
      "x": 0.75
    },
    "10,1"
  ],
  [
    {
      "rx": 13,
      "ry": 5,
      "y": -0.7999999999999998,
      "x": -1.3100000000000005
    },
    "10,0"
  ]

    ]
  }
}
